<?xml version="1.0" encoding="utf-8"?>
<!DOCTYPE hibernate-configuration SYSTEM 
"http://www.hibernate.org/dtd/hibernate-configuration-3.0.dtd">

<hibernate-configuration>
	<session-factory>    <!-- <session-factory name="HibernateSessionFactory0">  -->
	   <property name="hibernate.dialect">
	      org.hibernate.dialect.MySQLDialect
	   </property>
	   <property name="connection.driver_class">
	      com.mysql.jdbc.Driver
	   </property>
	
	   <property name="connection.url">
	      jdbc:mysql://localhost:8889/todolist
	   </property>
	   <property name="connection.username">
	      root
	   </property>
	   <property name="connection.password">
	      root
	   </property>
	   <property name="show_sql">true</property>
	   <property name="hibernate.hbm2ddl.auto">update</property>
	   <!-- Mapping files -->
	   <mapping class="il.ac.hit.todolistframework.model.User"/>
	   <mapping class="il.ac.hit.todolistframework.model.Item"/>
	   <!-- <mapping resource="toDoList.hbm.xml"/> -->
	   <!--   
	   <mapping class="org.javabrains.chandu.dto.UserDetails"/>
	   http://www.coderanch.com/t/597008/ORM/databases/Hibernate-cfg-xml-run-java
	    -->
	</session-factory>
</hibernate-configuration>